Country,Description,buyers,quantity,revenue
Australia,SPOTTY BUNTING,5,192,830.4000000000001
Australia,PAPER BUNTING RETROSPOT,4,220,585.0
Australia,BAKING SET SPACEBOY DESIGN,4,186,803.1
Australia,RECYCLING BAG RETROSPOT,4,130,248.0
Australia,BAKING SET 9 PIECE RETROSPOT,4,112,487.2
Australia,RED TOADSTOOL LED NIGHT LIGHT,3,1344,1987.1999999999998
Australia,LUNCH BAG SPACEBOY DESIGN,3,450,662.5
Australia,SET OF 12 FAIRY CAKE BAKING CASES,3,426,311.34000000000003
Australia,SET OF 12 MINI LOAF BAKING CASES,3,426,311.34000000000003
Australia,SET OF 6 TEA TIME BAKING CASES,3,418,441.86
Austria,POSTAGE,9,37,1456.0
Austria,RETROSPOT TEA SET CERAMIC 11 PC,4,45,205.95000000000002
Austria,PLASTERS IN TIN CIRCUS PARADE,3,48,79.19999999999999
Austria,DOLLY GIRL LUNCH BOX,3,36,70.19999999999999
Austria,PLASTERS IN TIN VINTAGE PAISLEY,3,36,59.39999999999999
Austria,KIDS RAIN MAC BLUE,2,48,40.8
Austria,KIDS RAIN MAC PINK,2,48,40.8
Austria,PACK OF 60 PINK PAISLEY CAKE CASES,2,48,26.400000000000002
Austria,ROUND SNACK BOXES SET OF4 WOODLAND,2,36,106.20000000000002
Austria,PLASTERS IN TIN WOODLAND ANIMALS,2,36,59.39999999999999
Bahrain,NOVELTY BISCUITS CAKE STAND 3 TIER,2,6,59.699999999999996
Bahrain,ICE CREAM SUNDAE LIP GLOSS,1,96,120.0
Bahrain,DOUGHNUT LIP GLOSS,1,60,75.0
Bahrain,GROW A FLYTRAP OR SUNFLOWER IN TIN,1,24,30.0
Bahrain,S/4 PINK FLOWER CANDLES IN BOWL,1,12,19.799999999999997
Bahrain,STRAWBERRY FAIRY CAKE TEAPOT,1,8,39.6
Bahrain,MINI CAKE STAND WITH HANGING CAKES,1,8,11.6
Bahrain,OCEAN SCENT CANDLE IN JEWELLED BOX,1,6,25.5
Bahrain,ROSE SCENT CANDLE IN JEWELLED BOX,1,6,25.5
Bahrain,VANILLA SCENT CANDLE JEWELLED BOX,1,6,25.5
Belgium,POSTAGE,25,275,4269.0
Belgium,ROUND SNACK BOXES SET OF4 WOODLAND,17,420,1181.4
Belgium,SPACEBOY LUNCH BOX,12,340,643.8
Belgium,ROUND SNACK BOXES SET OF 4 FRUITS,12,198,564.9000000000001
Belgium,PACK OF 72 RETROSPOT CAKE CASES,10,480,248.4
Belgium,DOLLY GIRL LUNCH BOX,10,340,643.8
Belgium,PLASTERS IN TIN SPACEBOY,10,156,257.4
Belgium,LUNCH BAG WOODLAND,9,160,264.0
Belgium,PLASTERS IN TIN WOODLAND ANIMALS,9,132,217.79999999999995
Belgium,CIRCUS PARADE LUNCH BOX,9,120,234.0
Brazil,SET OF 6 SPICE TINS PANTRY DESIGN,1,24,82.80000000000001
Brazil,SET/3 RED GINGHAM ROSE STORAGE BOX,1,24,81.36
Brazil,GREEN REGENCY TEACUP AND SAUCER,1,24,61.199999999999996
Brazil,PINK REGENCY TEACUP AND SAUCER,1,24,61.199999999999996
Brazil,ROSES REGENCY TEACUP AND SAUCER,1,24,61.199999999999996
Brazil,DOLLY GIRL LUNCH BOX,1,24,46.8
Brazil,SET OF 4 PANTRY JELLY MOULDS,1,24,30.0
Brazil,SMALL HEART FLOWERS HOOK,1,24,20.4
Brazil,REGENCY CAKESTAND 3 TIER,1,16,175.2
Brazil,PLEASE ONE PERSON METAL SIGN,1,12,25.200000000000003
Canada,RETRO COFFEE MUGS ASSORTED,1,504,534.24
Canada,WORLD WAR 2 GLIDERS ASSTD DESIGNS,1,288,60.48
Canada,COLOURING PENCILS BROWN TUBE,1,60,50.4
Canada,LUNCH BAG  BLACK SKULL.,1,50,82.5
Canada,SCOTTIE DOGS BABY BIB,1,48,18.72
Canada,SAVE THE PLANET MUG,1,36,45.0
Canada,BOUDOIR SQUARE TISSUE BOX,1,36,14.040000000000001
Canada,CARAVAN SQUARE TISSUE BOX,1,36,14.040000000000001
Canada,MOTORING TISSUE BOX,1,36,14.040000000000001
Canada,RED RETROSPOT TISSUE BOX,1,36,14.040000000000001
Channel Islands,LOVE BUILDING BLOCK WORD,4,21,127.65
Channel Islands,DOORMAT HOME SWEET HOME BLUE,4,16,127.8
Channel Islands,JUMBO BAG RED RETROSPOT,3,250,460.7
Channel Islands,JUMBO BAG APPLES,3,220,399.6
Channel Islands,POLKADOT PEN,3,144,122.39999999999999
Channel Islands,WHITE HANGING HEART T-LIGHT HOLDER,3,108,318.6
Channel Islands,LUNCH BAG RED RETROSPOT,3,70,115.5
Channel Islands,JAM MAKING SET WITH JARS,3,66,250.5
Channel Islands,LUNCH BAG PINK POLKADOT,3,50,82.5
Channel Islands,RED RETROSPOT CAKE STAND,3,24,250.79999999999998
Cyprus,WHITE HANGING HEART T-LIGHT HOLDER,4,144,386.4
Cyprus,REGENCY CAKESTAND 3 TIER,4,30,382.5
Cyprus,CANDLEHOLDER PINK HANGING HEART,3,50,134.7
Cyprus,PARTY CONES CANDY ASSORTED,3,48,60.0
Cyprus,CERAMIC CAKE STAND + HANGING CAKES,3,11,97.85
Cyprus,PARTY BUNTING,3,7,32.85
Cyprus,HEART DECORATION PAINTED ZINC,2,384,220.8
Cyprus,AGED GLASS SILVER T-LIGHT HOLDER,2,96,62.400000000000006
Cyprus,CREAM SLICE FLANNEL PINK SPOT,2,30,78.9
Cyprus,FELTCRAFT HAIRBAND PINK AND PURPLE,2,25,21.25
Czech Republic,WOODEN STAR CHRISTMAS SCANDINAVIAN,1,72,20.88
Czech Republic,WOODEN TREE CHRISTMAS SCANDINAVIAN,1,72,20.88
Czech Republic,CHRISTMAS TABLE SILVER CANDLE SPIKE,1,48,39.839999999999996
Czech Republic,COLOUR GLASS T-LIGHT HOLDER HANGING,1,48,31.200000000000003
Czech Republic,JIGSAW TREE WITH BIRDHOUSE,1,36,52.199999999999996
Czech Republic,DECORATION  BUTTERFLY  MAGIC GARDEN,1,32,27.2
Czech Republic,ROUND SNACK BOXES SET OF4 WOODLAND,1,24,70.80000000000001
Czech Republic,ROTATING SILVER ANGELS T-LIGHT HLDR,1,24,61.199999999999996
Czech Republic,SCOTTIES DESIGN WASHBAG,1,24,46.8
Czech Republic,CREAM FELT EASTER EGG BASKET,1,24,39.599999999999994
Denmark,POSTAGE,7,42,744.0
Denmark,DOLLY GIRL LUNCH BOX,5,160,292.79999999999995
Denmark,CIRCUS PARADE LUNCH BOX,5,124,222.6
Denmark,SPACEBOY LUNCH BOX,4,96,187.2
Denmark,GUMBALL COAT RACK,3,270,575.1
Denmark,ALARM CLOCK BAKELIKE PINK,3,106,379.5
Denmark,JAM MAKING SET PRINTED,3,60,87.0
Denmark,SET OF 6 TEA TIME BAKING CASES,2,280,296.24
Denmark,WORLD WAR 2 GLIDERS ASSTD DESIGNS,2,144,41.75999999999999
Denmark,ALARM CLOCK BAKELIKE IVORY,2,114,409.5
EIRE,VINTAGE SNAP CARDS,3,1420,1075.96
EIRE,WRAP ALPHABET DESIGN,3,1175,425.5
EIRE,JAM MAKING SET PRINTED,3,965,1341.6499999999999
EIRE,ROSES REGENCY TEACUP AND SAUCER,3,960,2550.0
EIRE,WORLD WAR 2 GLIDERS ASSTD DESIGNS,3,816,236.63999999999996
EIRE,PACK OF 12 TRADITIONAL CRAYONS,3,768,288.0
EIRE,JAM MAKING SET WITH JARS,3,756,2976.0
EIRE,REGENCY CAKESTAND 3 TIER,3,645,7388.55
EIRE,RED  HARMONICA IN BOX,3,510,637.5
EIRE,GINGERBREAD MAN COOKIE CUTTER,3,504,575.28
European Community,RED ROCKING HORSE HAND PAINTED,1,24,30.0
European Community,WHITE ROCKING HORSE HAND PAINTED,1,24,30.0
European Community,ROCKING HORSE GREEN CHRISTMAS,1,24,20.4
European Community,ROCKING HORSE RED CHRISTMAS,1,24,20.4
European Community,SET OF 60 PANTRY DESIGN CAKE CASES,1,24,13.200000000000001
European Community,SET OF 60 VINTAGE LEAF CAKE CASES,1,24,13.200000000000001
European Community,OFFICE MUG WARMER CHOC+BLUE,1,18,53.10000000000001
European Community,CHOCOLATE 1 WICK MORRIS BOX CANDLE,1,12,51.0
European Community,SET/3 VANILLA SCENTED CANDLE IN BOX,1,12,51.0
European Community,MEASURING TAPE BABUSHKA BLUE,1,12,35.400000000000006
Finland,POSTAGE,12,94,3650.0
Finland,PACK OF 72 RETROSPOT CAKE CASES,4,96,52.800000000000004
Finland,SET/3 RED GINGHAM ROSE STORAGE BOX,4,32,120.0
Finland,RED RETROSPOT MINI CASES,4,22,174.9
Finland,IVORY KITCHEN SCALES,4,10,85.0
Finland,CHILDRENS CUTLERY POLKADOT PINK,3,480,1819.2
Finland,60 TEATIME FAIRY CAKE CASES,3,192,90.0
Finland,PACK OF 60 PINK PAISLEY CAKE CASES,3,192,90.0
Finland,RED POLKADOT BEAKER,3,162,91.25999999999999
Finland,BLUE POLKADOT BEAKER,3,144,56.16
France,POSTAGE,72,825,15454.0
France,RABBIT NIGHT LIGHT,29,4000,7234.24
France,PLASTERS IN TIN WOODLAND ANIMALS,29,1144,1868.3999999999999
France,PACK OF 72 RETROSPOT CAKE CASES,28,1176,612.48
France,PLASTERS IN TIN SPACEBOY,28,1012,1631.3999999999999
France,RED RETROSPOT MINI CASES,26,214,1662.9
France,RED TOADSTOOL LED NIGHT LIGHT,25,1291,2130.1499999999996
France,SET/20 RED RETROSPOT PAPER NAPKINS,25,960,787.92
France,SPACEBOY LUNCH BOX,25,824,1568.3999999999999
France,ROUND SNACK BOXES SET OF4 WOODLAND,25,636,1837.8000000000002
Germany,POSTAGE,87,1114,21001.0
Germany,ROUND SNACK BOXES SET OF4 WOODLAND,42,1233,3598.9500000000003
Germany,PLASTERS IN TIN WOODLAND ANIMALS,37,857,1414.0499999999997
Germany,ROUND SNACK BOXES SET OF 4 FRUITS,30,672,1982.4000000000003
Germany,PLASTERS IN TIN CIRCUS PARADE,28,774,1277.1
Germany,WOODLAND CHARLOTTE BAG,27,1020,854.0
Germany,RED TOADSTOOL LED NIGHT LIGHT,27,728,1201.1999999999998
Germany,PLASTERS IN TIN SPACEBOY,26,670,1105.4999999999998
Germany,PACK OF 72 RETROSPOT CAKE CASES,24,1002,551.1
Germany,SPACEBOY LUNCH BOX,23,876,1631.3999999999999
Greece,POSTAGE,2,7,335.0
Greece,4 LAVENDER BOTANICAL DINNER CANDLES,1,48,60.0
Greece,4 PEAR BOTANICAL DINNER CANDLES,1,48,60.0
Greece,SET OF 4 NAPKIN CHARMS CUTLERY,1,32,67.2
Greece,SET OF 3 CAKE TINS PANTRY DESIGN,1,24,102.0
Greece,SET 3 PAPER VINTAGE CHICK PAPER EGG,1,24,70.80000000000001
Greece,GREEN REGENCY TEACUP AND SAUCER,1,24,61.199999999999996
Greece,ROSES REGENCY TEACUP AND SAUCER,1,24,61.199999999999996
Greece,SET OF 4 JAM JAR MAGNETS,1,24,49.92
Greece,SET OF 5 PANCAKE DAY MAGNETS,1,24,49.92
Iceland,ICE CREAM SUNDAE LIP GLOSS,1,240,249.60000000000002
Iceland,3D DOG PICTURE PLAYING CARDS,1,126,371.70000000000005
Iceland,MINI PAINT SET VINTAGE,1,108,70.2
Iceland,RABBIT NIGHT LIGHT,1,84,153.84
Iceland,RED TOADSTOOL LED NIGHT LIGHT,1,72,118.79999999999998
Iceland,SMALL HEART MEASURING SPOONS,1,72,61.199999999999996
Iceland,60 TEATIME FAIRY CAKE CASES,1,72,39.6
Iceland,72 SWEETHEART FAIRY CAKE CASES,1,72,39.6
Iceland,LARGE HEART MEASURING SPOONS,1,48,79.19999999999999
Iceland,VINTAGE HEADS AND TAILS CARD GAME,1,48,60.0
Israel,WOODLAND CHARLOTTE BAG,2,120,89.0
Israel,RED RETROSPOT CHARLOTTE BAG,2,110,80.5
Israel,ROUND SNACK BOXES SET OF4 WOODLAND,2,96,244.79999999999998
Israel,REGENCY TEA PLATE ROSES,2,72,109.19999999999999
Israel,SET OF 4 KNICK KNACK TINS DOILEY,2,60,229.8
Israel,DOILEY STORAGE TIN,2,60,154.20000000000002
Israel,DOLLY GIRL LUNCH BOX,2,60,117.0
Israel,REGENCY CAKESTAND 3 TIER,2,50,551.0999999999999
Israel,WRAP ENGLISH ROSE,2,50,21.0
Israel,SPACEBOY LUNCH BOX,2,48,93.6
Italy,POSTAGE,10,45,1663.0
Italy,JAM MAKING SET WITH JARS,5,54,217.5
Italy,REGENCY CAKESTAND 3 TIER,5,6,76.5
Italy,PLASTERS IN TIN CIRCUS PARADE,4,72,118.79999999999998
Italy,PLASTERS IN TIN WOODLAND ANIMALS,4,60,98.99999999999999
Italy,SET OF 3 CAKE TINS PANTRY DESIGN,4,51,252.45000000000002
Italy,RETROSPOT TEA SET CERAMIC 11 PC,4,45,222.75000000000003
Italy,ROUND SNACK BOXES SET OF4 WOODLAND,3,60,177.00000000000003
Italy,PLASTERS IN TIN SKULLS,3,60,98.99999999999999
Italy,WHITE HANGING HEART T-LIGHT HOLDER,3,54,159.3
Japan,PACK OF 12 TRADITIONAL CRAYONS,3,1201,443.93999999999994
Japan,SET/20 RED RETROSPOT PAPER NAPKINS,3,204,140.76
Japan,RABBIT NIGHT LIGHT,2,3408,6100.32
Japan,ROUND SNACK BOXES SET OF 4 FRUITS,2,1494,3812.0999999999995
Japan,WOODEN SCHOOL COLOURING SET,2,361,523.65
Japan,SET OF 72 PINK HEART PAPER DOILIES,2,276,361.8
Japan,SET OF 72 RETROSPOT PAPER  DOILIES,2,240,328.8
Japan,LUNCH BAG RED RETROSPOT,2,150,227.5
Japan,SET/20 STRAWBERRY PAPER NAPKINS,2,144,109.92
Japan,PACK OF 20 NAPKINS PANTRY DESIGN,2,108,79.32000000000001
Lebanon,ASSTD FRUIT+FLOWERS FRIDGE MAGNETS,1,24,13.200000000000001
Lebanon,PARTY BUNTING,1,15,69.75
Lebanon,REGENCY CAKESTAND 3 TIER,1,12,153.0
Lebanon,PHARMACIE FIRST AID TIN,1,12,81.0
Lebanon,BISCUIT TIN VINTAGE RED,1,12,71.4
Lebanon,SET OF 3 CAKE TINS PANTRY DESIGN,1,12,59.400000000000006
Lebanon,SET OF 6 SPICE TINS PANTRY DESIGN,1,12,47.400000000000006
Lebanon,JAM MAKING SET WITH JARS,1,12,45.0
Lebanon,FIRST AID TIN,1,12,39.0
Lebanon,SET 3 PAPER VINTAGE CHICK PAPER EGG,1,12,35.400000000000006
Lithuania,FELTCRAFT DOLL ROSIE,1,48,122.39999999999999
Lithuania,RED  HARMONICA IN BOX,1,48,60.0
Lithuania,GREY FLORAL FELTCRAFT SHOULDER BAG,1,36,135.0
Lithuania,GOLD MUG BONE CHINA TREE OF LIFE,1,36,59.4
Lithuania,SILVER MUG BONE CHINA TREE OF LIFE,1,36,59.4
Lithuania,BLUE HARMONICA IN BOX,1,36,45.0
Lithuania,FELTCRAFT PRINCESS LOLA DOLL,1,32,120.0
Lithuania,CHRISTMAS CRAFT HEART STOCKING,1,30,63.0
Lithuania,FELTCRAFT PRINCESS OLIVIA DOLL,1,28,105.0
Lithuania,FELTCRAFT CUSHION BUTTERFLY,1,24,90.0
Malta,GRAND CHOCOLATECANDLE,1,81,117.44999999999999
Malta,CHRISTMAS PUDDING TRINKET POT,1,60,36.12
Malta,WRAP CHRISTMAS VILLAGE,1,25,10.5
Malta,CHOC TRUFFLE GOLD TRINKET POT,1,24,39.599999999999994
Malta,3 ROSE MORRIS BOXED CANDLES,1,24,30.0
Malta,FILIGREE HEART BIRD WHITE,1,24,30.0
Malta,FILIGREE HEART DAISY WHITE,1,24,30.0
Malta,GOLD MUG BONE CHINA TREE OF LIFE,1,24,25.44
Malta,OPIUM SCENTED VOTIVE CANDLE,1,24,6.959999999999999
Malta,PACK OF 12 PINK PAISLEY TISSUES,1,24,6.959999999999999
Netherlands,POSTAGE,9,103,1557.0
Netherlands,DOLLY GIRL LUNCH BOX,3,4132,6828.599999999999
Netherlands,CARD DOLLY GIRL,3,1320,476.64
Netherlands,72 SWEETHEART FAIRY CAKE CASES,3,1008,429.6
Netherlands,PACK OF 72 SKULL CAKE CASES,3,768,328.8
Netherlands,CHILDRENS APRON SPACEBOY DESIGN,3,716,1186.2
Netherlands,CARD GINGHAM ROSE,3,540,196.55999999999997
Netherlands,PACK OF 6 SKULL PAPER PLATES,3,517,338.65
Netherlands,PACK OF 6 SKULL PAPER CUPS,3,517,284.21000000000004
Netherlands,TEA PARTY BIRTHDAY CARD,3,468,170.64
Norway,POSTAGE,8,57,2870.5
Norway,CHILDS BREAKFAST SET DOLLY GIRL,6,60,527.4
Norway,CHILDS BREAKFAST SET SPACEBOY,6,56,487.6
Norway,RED TOADSTOOL LED NIGHT LIGHT,5,144,237.59999999999997
Norway,SET OF 3 CAKE TINS PANTRY DESIGN,5,96,441.6
Norway,SET OF TEA COFFEE SUGAR TINS PANTRY,5,72,337.20000000000005
Norway,DOLLY GIRL LUNCH BOX,5,60,117.0
Norway,PLASTERS IN TIN SPACEBOY,4,96,158.39999999999998
Norway,PANTRY WASHING UP BRUSH,4,48,69.6
Norway,REGENCY CAKESTAND 3 TIER,4,28,357.0
Poland,SET OF TEA COFFEE SUGAR TINS PANTRY,4,20,99.0
Poland,LARGE CHINESE STYLE SCISSOR,3,100,85.0
Poland,RECIPE BOX PANTRY YELLOW DESIGN,3,60,167.4
Poland,SET OF 6 SPICE TINS PANTRY DESIGN,3,48,177.60000000000002
Poland,PANTRY MAGNETIC  SHOPPING LIST,3,48,69.6
Poland,SET OF 3 CAKE TINS PANTRY DESIGN,3,36,161.4
Poland,POTTING SHED TWINE,3,18,37.800000000000004
Poland,IVORY KITCHEN SCALES,3,14,119.0
Poland,POSTAGE,3,9,360.0
Poland,JAM MAKING SET PRINTED,2,108,156.6
Portugal,POSTAGE,16,97,2508.0
Portugal,LUNCH BAG RED RETROSPOT,8,215,354.75
Portugal,BAKING SET 9 PIECE RETROSPOT,8,71,334.65000000000003
Portugal,LUNCH BAG CARS BLUE,7,171,282.15
Portugal,PACK OF 72 RETROSPOT CAKE CASES,7,170,93.5
Portugal,RETROSPOT TEA SET CERAMIC 11 PC,7,97,463.35
Portugal,JUMBO SHOPPER VINTAGE RED PAISLEY,6,190,387.40000000000003
Portugal,RED RETROSPOT CHARLOTTE BAG,6,133,113.05
Portugal,SET OF 72 RETROSPOT PAPER  DOILIES,6,72,104.39999999999999
Portugal,SET 3 PAPER VINTAGE CHICK PAPER EGG,6,66,194.70000000000005
RSA,SET OF 20 KIDS COOKIE CUTTERS,1,12,25.200000000000003
RSA,4 TRADITIONAL SPINNING TOPS,1,12,17.4
RSA,PACK OF 6 BIRDY GIFT TAGS,1,12,15.0
RSA,WOODEN BOX OF DOMINOES,1,12,15.0
RSA,ASSORTED BOTTLE TOP  MAGNETS,1,12,5.04
RSA,JUMBO BAG ALPHABET,1,10,20.8
RSA,JUMBO BAG RED RETROSPOT,1,10,20.8
RSA,JUMBO BAG VINTAGE DOILY,1,10,20.8
RSA,JUMBO SHOPPER VINTAGE RED PAISLEY,1,10,20.8
RSA,LUNCH BAG PINK POLKADOT,1,10,16.5
Saudi Arabia,PLASTERS IN TIN CIRCUS PARADE,1,12,19.799999999999997
Saudi Arabia,PLASTERS IN TIN SKULLS,1,12,19.799999999999997
Saudi Arabia,PLASTERS IN TIN STRONGMAN,1,12,19.799999999999997
Saudi Arabia,HOMEMADE JAM SCENTED CANDLES,1,12,17.4
Saudi Arabia,ASSORTED BOTTLE TOP  MAGNETS,1,12,5.04
Saudi Arabia,GLASS JAR DAISY FRESH COTTON WOOL,1,6,17.700000000000003
Saudi Arabia,GLASS JAR MARMALADE,1,6,17.700000000000003
Saudi Arabia,GLASS JAR PEACOCK BATH SALTS,1,6,17.700000000000003
Saudi Arabia,GOLD EAR MUFF HEADPHONES,1,2,10.98
Singapore,CHRISTMAS TREE PAINTED ZINC,1,384,176.64000000000001
Singapore,PARTY PIZZA DISH RED RETROSPOT,1,240,160.56
Singapore,SMALL POPCORN HOLDER,1,200,144.0
Singapore,GIN & TONIC DIET GREETING CARD,1,144,51.839999999999996
Singapore,POPCORN HOLDER,1,100,72.0
Singapore,TEA BAG PLATE RED RETROSPOT,1,96,81.6
Singapore,PARTY PIZZA DISH GREEN POLKADOT,1,96,56.879999999999995
Singapore,DOVE DECORATION PAINTED ZINC,1,94,17.86
Singapore,RED RETROSPOT PICNIC BAG,1,75,201.25
Singapore,ZINC FOLKART SLEIGH BELLS,1,72,107.28
Spain,POSTAGE,21,209,5852.0
Spain,REGENCY CAKESTAND 3 TIER,10,172,2049.0
Spain,JAM MAKING SET WITH JARS,7,113,456.25
Spain,SET OF 36 PAISLEY FLOWER DOILIES,7,92,133.39999999999998
Spain,ROUND SNACK BOXES SET OF4 WOODLAND,7,56,165.20000000000002
Spain,PACK OF 72 RETROSPOT CAKE CASES,6,264,145.20000000000002
Spain,6 RIBBONS RUSTIC CHARM,6,204,358.19999999999993
Spain,PACK OF 60 PINK PAISLEY CAKE CASES,6,151,83.05000000000001
Spain,SET/20 RED RETROSPOT PAPER NAPKINS,6,144,122.39999999999999
Spain,SET OF 72 RETROSPOT PAPER  DOILIES,6,110,159.5
Sweden,POSTAGE,8,40,1509.0
Sweden,MINI PLAYING CARDS DOLLY GIRL,3,290,121.80000000000001
Sweden,CUPCAKE LACE PAPER SET 6,3,168,327.59999999999997
Sweden,GUMBALL COAT RACK,3,120,257.40000000000003
Sweden,MINI PAINT SET VINTAGE,2,2916,1895.4
Sweden,PACK OF 60 PINK PAISLEY CAKE CASES,2,984,541.2
Sweden,PACK OF 72 RETROSPOT CAKE CASES,2,984,510.0
Sweden,60 CAKE CASES VINTAGE CHRISTMAS,2,984,478.8
Sweden,SET 40 HEART SHAPE PETIT FOUR CASES,2,752,1240.8
Sweden,PACK OF 60 SPACEBOY CAKE CASES,2,744,378.0
Switzerland,POSTAGE,15,102,4002.0
Switzerland,PLASTERS IN TIN SPACEBOY,10,468,733.8
Switzerland,ROUND SNACK BOXES SET OF4 WOODLAND,9,480,1300.8
Switzerland,RED RETROSPOT MINI CASES,9,46,327.29999999999995
Switzerland,PLASTERS IN TIN WOODLAND ANIMALS,7,636,972.5999999999999
Switzerland,REGENCY CAKESTAND 3 TIER,7,77,924.15
Switzerland,DOORMAT RED RETROSPOT,7,48,360.0
Switzerland,PACK OF 72 RETROSPOT CAKE CASES,6,432,206.4
Switzerland,WOODLAND  STICKERS,6,264,224.39999999999998
Switzerland,PLASTERS IN TIN STRONGMAN,6,132,217.79999999999995
USA,SET/10 BLUE POLKADOT PARTY CANDLES,2,72,90.0
USA,SET/10 IVORY POLKADOT PARTY CANDLES,2,72,90.0
USA,SET/10 PINK POLKADOT PARTY CANDLES,2,72,90.0
USA,SET/10 RED POLKADOT PARTY CANDLES,2,72,90.0
USA,SET OF 12 FAIRY CAKE BAKING CASES,2,40,33.199999999999996
USA,CARD DOLLY GIRL,2,24,10.08
USA,TEA PARTY BIRTHDAY CARD,2,24,10.08
USA,SET OF 36 TEATIME PAPER DOILIES,2,15,21.75
USA,SET 2 PANTRY DESIGN TEA TOWELS,2,12,39.0
USA,SET OF 6 RIBBONS VINTAGE CHRISTMAS,2,12,34.68
United Arab Emirates,BIG DOUGHNUT FRIDGE MAGNETS,1,72,61.199999999999996
United Arab Emirates,ASSORTED CHEESE FRIDGE MAGNETS,1,72,46.800000000000004
United Arab Emirates,MINI PAINT SET VINTAGE,1,36,23.400000000000002
United Arab Emirates,BLUE PAISLEY TISSUE BOX,1,36,14.040000000000001
United Arab Emirates,SPACEBOY GIFT WRAP,1,25,10.5
United Arab Emirates,WRAP  VINTAGE DOILY,1,25,10.5
United Arab Emirates,WRAP PAISLEY PARK,1,25,10.5
United Arab Emirates,LADIES & GENTLEMEN METAL SIGN,1,24,61.199999999999996
United Arab Emirates,WASHROOM METAL SIGN,1,24,34.8
United Arab Emirates,STRAWBERRY CERAMIC TRINKET BOX,1,24,30.0
United Kingdom,WHITE HANGING HEART T-LIGHT HOLDER,821,34648,94858.6
United Kingdom,REGENCY CAKESTAND 3 TIER,767,9641,110990.2
United Kingdom,PARTY BUNTING,659,13992,63109.380000000005
United Kingdom,ASSORTED COLOUR BIRD ORNAMENT,642,32727,52395.99
United Kingdom,PAPER CHAIN KIT 50'S CHRISTMAS,594,14792,40451.08
United Kingdom,NATURAL SLATE HEART CHALKBOARD,573,8114,23223.420000000002
United Kingdom,SET OF 3 CAKE TINS PANTRY DESIGN,569,5253,25256.350000000002
United Kingdom,JUMBO BAG RED RETROSPOT,562,41981,77371.57
United Kingdom,HEART OF WICKER SMALL,555,16361,27561.539999999997
United Kingdom,PACK OF 72 RETROSPOT CAKE CASES,531,22465,11002.25
Unspecified,ASSORTED COLOUR BIRD ORNAMENT,2,22,37.18
Unspecified,JAM MAKING SET WITH JARS,2,18,70.5
Unspecified,FRIDGE MAGNETS LA VIE EN ROSE,2,18,15.299999999999999
Unspecified,PACK OF 6 BIRDY GIFT TAGS,2,13,16.25
Unspecified,3 STRIPEY MICE FELTCRAFT,2,7,13.649999999999999
Unspecified,SET OF 10 LED DOLLY LIGHTS,2,6,37.5
Unspecified,SET 7 BABUSHKA NESTING BOXES,2,5,42.5
Unspecified,SET OF 2 WOODEN MARKET CRATES,2,4,51.0
Unspecified,RED KITCHEN SCALES,2,3,25.5
Unspecified,ROUND CAKE TIN VINTAGE RED,2,3,23.85
